{
  "project_info": {
    "project_number": "675708046098",
    "project_id": "eyebrow-2491a",
    "storage_bucket": "eyebrow-2491a.appspot.com"
  },
  "client": [
    {
      "client_info": {
        "mobilesdk_app_id": "1:675708046098:android:ae5735e40c0789c8f4c1cb",
        "android_client_info": {
          "package_name": "com.example.projecteyebrow"
        }
      },
      "oauth_client": [
        {
          "client_id": "675708046098-52jutphjsbbueg6gad23i8m41i72vf5b.apps.googleusercontent.com",
          "client_type": 1,
          "android_info": {
            "package_name": "com.example.projecteyebrow",
            "certificate_hash": "4f9c513d56c5ef599328b206b71e10867840edf2"
          }
        },
        {
          "client_id": "675708046098-4ieibuj30o9cvj0kc8g6r0hmcq3aea14.apps.googleusercontent.com",
          "client_type": 3
        }
      ],
      "api_key": [
        {
          "current_key": "AIzaSyD5OMiZtULEVIkHyNfK-bRuz_pFODxpMZY"
        }
      ],
      "services": {
        "appinvite_service": {
          "other_platform_oauth_client": [
            {
              "client_id": "675708046098-4ieibuj30o9cvj0kc8g6r0hmcq3aea14.apps.googleusercontent.com",
              "client_type": 3
            }
          ]
        }
      }
    }
  ],
  "configuration_version": "1"
}